First_Name,Last_Name,samAccount,City,County,PostalCode,OfficePhone,MobilePhone
James,Butter,James.Butter,New Orleans,Orleans,70116,504-621-8927,504-845-1427
Josephine,Darakjy,Josephine.Darakjy,Brighton,Livingston,48116,810-292-9388,810-374-9840
Art,Venere,Art.Venere,Bridgeport,Gloucester,8014,856-636-8749,856-264-4130
Lenna,Paprocki,Lenna.Paprocki,Anchorage,Anchorage,99501,907-385-4412,907-921-2010
Donette,Foller,Donette.Foller,Hamilton,Butler,45011,513-570-1893,513-549-4561
Simona,Morasca,Simona.Morasca,Ashland,Ashland,44805,419-503-2484,419-800-6759
Mitsue,Tollner,Mitsue.Tollner,Chicago,Cook,60632,773-573-6914,773-924-8565
Leota,Dilliard,Leota.Dilliard,San Jose,Santa Clara,95111,408-752-3500,408-813-1105
Sage,Wieser,Sage.Wieser,Sioux Falls,Minnehaha,57105,605-414-2147,605-794-4895
Kris,Marrier,Kris.Marrier,Baltimore,Baltimore City,21224,410-655-8723,410-804-4694
Minna,Amigon,Minna.Amigon,Kulpsville,Montgomery,19443,215-874-1229,215-422-8694
Abel,Maclead,Abel.Maclead,Middle Island,Suffolk,11953,631-335-3414,631-677-3675
Kiley,Caldarera,Kiley.Caldarera,Los Angeles,Los Angeles,90034,310-498-5651,310-254-3084
Graciela,Ruta,Graciela.Ruta,Chagrin Falls,Geauga,44023,440-780-8425,440-579-7763
Cammy,Albares,Cammy.Albares,Laredo,Webb,78045,956-537-6195,956-841-7216
Mattie,Poquette,Mattie.Poquette,Phoenix,Maricopa,85013,602-277-4385,602-953-6360
Meaghan,Garufi,Meaghan.Garufi,Mc Minnville,Warren,37110,931-313-9635,931-235-7959
Gladys,Rim,Gladys.Rim,Milwaukee,Milwaukee,53207,414-661-9598,414-377-2880
Yuki,Whobrey,Yuki.Whobrey,Taylor,Wayne,48180,313-288-7937,313-341-4470
Fletcher,Flosi,Fletcher.Flosi,Rockford,Winnebago,61109,815-828-2147,815-426-5657
Bette,Nicka,Bette.Nicka,Aston,Delaware,19014,610-545-3615,610-492-4643
Veronika,Inouye,Veronika.Inouye,San Jose,Santa Clara,95111,408-540-1785,408-813-4592
Willard,Kolmetz,Willard.Kolmetz,Irving,Dallas,75062,972-303-9197,972-896-4882
Maryann,Royster,Maryann.Royster,Albany,Albany,12204,518-966-7987,518-448-8982
Alisha,Slusarski,Alisha.Slusarski,Middlesex,Middlesex,8846,732-658-3154,732-635-3453
Allene,Iturbide,Allene.Iturbide,Stevens Point,Portage,54481,715-662-6764,715-530-9863
Chanel,Caudy,Chanel.Caudy,Shawnee,Johnson,66218,913-388-2079,913-899-1103
Ezekiel,Chui,Ezekiel.Chui,Easton,Talbot,21601,410-669-1642,410-235-8738
Willow,Kusko,Willow.Kusko,New York,New York,10011,212-582-4976,212-934-5167
Bernardo,Figeroa,Bernardo.Figeroa,Conroe,Montgomery,77301,936-336-3951,936-597-3614
Ammie,Corrio,Ammie.Corrio,Columbus,Franklin,43215,614-801-9788,614-648-3265
Francine,Vocelka,Francine.Vocelka,Las Cruces,Dona Ana,88011,505-977-3911,505-335-5293
Ernie,Stenseth,Ernie.Stenseth,Ridgefield Park,Bergen,7660,201-709-6245,201-387-9093
Albina,Glick,Albina.Glick,Dunellen,Middlesex,8812,732-924-7882,732-782-6701
Alishia,Sergi,Alishia.Sergi,New York,New York,10025,212-860-1579,212-753-2740
Solange,Shinko,Solange.Shinko,Metairie,Jefferson,70002,504-979-9175,504-265-8174
Jose,Stockham,Jose.Stockham,New York,New York,10011,212-675-8570,212-569-4233
Rozella,Ostrosky,Rozella.Ostrosky,Camarillo,Ventura,93012,805-832-6163,805-609-1531
Valentine,Gillian,Valentine.Gillian,San Antonio,Bexar,78204,210-812-9597,210-300-6244
Kati,Rulapaugh,Kati.Rulapaugh,Abilene,Dickinson,67410,785-463-7829,785-219-7724
Youlanda,Schemmer,Youlanda.Schemmer,Prineville,Crook,97754,541-548-8197,541-993-2611
Dyan,Oldroyd,Dyan.Oldroyd,Overland Park,Johnson,66204,913-413-4604,913-645-8918
Roxane,Campain,Roxane.Campain,Fairbanks,Fairbanks North Star,99708,907-231-4722,907-335-6568
Lavera,Perin,Lavera.Perin,Miami,Miami-Dade,33196,305-606-7291,305-995-2078
Erick,Ferencz,Erick.Ferencz,Fairbanks,Fairbanks North Star,99712,907-741-1044,907-227-6777
Fatima,Saylors,Fatima.Saylors,Hopkins,Hennepin,55343,952-768-2416,952-479-2375
Jina,Briddick,Jina.Briddick,Boston,Suffolk,2128,617-399-5124,617-997-5771
Kanisha,Waycott,Kanisha.Waycott,Los Angeles,Los Angeles,90006,323-453-2780,323-315-7314
Emerson,Bowley,Emerson.Bowley,Madison,Dane,53711,608-336-7444,608-658-7940
Blair,Malet,Blair.Malet,Philadelphia,Philadelphia,19132,215-907-9111,215-794-4519
Brock,Bolognia,Brock.Bolognia,New York,New York,10003,212-402-9216,212-617-5063
Lorrie,Nestle,Lorrie.Nestle,Tullahoma,Coffee,37388,931-875-6644,931-303-6041
Sabra,Uyetake,Sabra.Uyetake,Columbia,Richland,29201,803-925-5213,803-681-3678
Marjory,Mastella,Marjory.Mastella,Wayne,Delaware,19087,610-814-5533,610-379-7125
Karl,Klonowski,Karl.Klonowski,Flemington,Hunterdon,8822,908-877-6135,908-470-4661
Tonette,Wenner,Tonette.Wenner,Westbury,Nassau,11590,516-968-6051,516-333-4861
Amber,Monarrez,Amber.Monarrez,Jenkintown,Montgomery,19046,215-934-8655,215-329-6386
Shenika,Seewald,Shenika.Seewald,Van Nuys,Los Angeles,91405,818-423-4007,818-749-8650
Delmy,Ahle,Delmy.Ahle,Providence,Providence,2909,401-458-2547,401-559-8961
Deeanna,Juhas,Deeanna.Juhas,Huntingdon Valley,Montgomery,19006,215-211-9589,215-417-9563
Blondell,Pugh,Blondell.Pugh,Providence,Providence,2904,401-960-8259,401-300-8122
Jamal,Vanausdal,Jamal.Vanausdal,Monroe Township,Middlesex,8831,732-234-1546,732-904-2931
Cecily,Hollack,Cecily.Hollack,Austin,Travis,78731,512-486-3817,512-861-3814
Carmelina,Lindall,Carmelina.Lindall,Littleton,Douglas,80126,303-724-7371,303-874-5160
Maurine,Yglesias,Maurine.Yglesias,Milwaukee,Milwaukee,53214,414-748-1374,414-573-7719
Tawna,Buvens,Tawna.Buvens,New York,New York,10009,212-674-9610,212-462-9157
Penney,Weight,Penney.Weight,Anchorage,Anchorage,99515,907-797-9628,907-873-2882
Elly,Morocco,Elly.Morocco,Erie,Erie,16502,814-393-5571,814-420-3553
Ilene,Eroman,Ilene.Eroman,Glen Burnie,Anne Arundel,21061,410-914-9018,410-937-4543
Vallie,Mondella,Vallie.Mondella,Boise,Ada,83707,208-862-5339,208-737-8439
Kallie,Blackwood,Kallie.Blackwood,San Francisco,San Francisco,94104,415-315-2761,415-604-7609
Johnetta,Abdallah,Johnetta.Abdallah,Chapel Hill,Orange,27514,919-225-9345,919-715-3791
Bobbye,Rhym,Bobbye.Rhym,San Carlos,San Mateo,94070,650-528-5783,650-811-9032
Micaela,Rhymes,Micaela.Rhymes,Concord,Contra Costa,94520,925-647-3298,925-522-7798
Tamar,Hoogland,Tamar.Hoogland,London,Madison,43140,740-343-8575,740-526-5410
Moon,Parlato,Moon.Parlato,Wellsville,Allegany,14895,585-866-8313,585-498-4278
Laurel,Reitler,Laurel.Reitler,Baltimore,Baltimore City,21215,410-520-4832,410-957-6903
Delisa,Crupi,Delisa.Crupi,Newark,Essex,7105,973-354-2040,973-847-9611
Viva,Toelkes,Viva.Toelkes,Chicago,Cook,60647,773-446-5569,773-352-3437
Elza,Lipke,Elza.Lipke,Newark,Essex,7104,973-927-3447,973-796-3667
Devorah,Chickering,Devorah.Chickering,Clovis,Curry,88101,505-975-8559,505-950-1763
Timothy,Mulqueen,Timothy.Mulqueen,Staten Island,Richmond,10309,718-332-6527,718-654-7063
Arlette,Honeywell,Arlette.Honeywell,Jacksonville,Duval,32254,904-775-4480,904-514-9918
Dominque,Dickerson,Dominque.Dickerson,Hayward,Alameda,94545,510-993-3758,510-901-7640
Lettie,Isenhower,Lettie.Isenhower,Beachwood,Cuyahoga,44122,216-657-7668,216-733-8494
Myra,Munns,Myra.Munns,Euless,Tarrant,76040,817-914-7518,817-451-3518
Stephaine,Barfield,Stephaine.Barfield,Gardena,Los Angeles,90247,310-774-7643,310-968-1219
Lai,Gato,Lai.Gato,Evanston,Cook,60201,847-728-7286,847-957-4614
Stephen,Emigh,Stephen.Emigh,Akron,Summit,44302,330-537-5358,330-700-2312
Tyra,Shields,Tyra.Shields,Philadelphia,Philadelphia,19106,215-255-1641,215-228-8264
Tammara,Wardrip,Tammara.Wardrip,Burlingame,San Mateo,94010,650-803-1936,650-216-5075
Cory,Gibes,Cory.Gibes,San Gabriel,Los Angeles,91776,626-572-1096,626-696-2777
Danica,Bruschke,Danica.Bruschke,Waco,McLennan,76708,254-782-8569,254-205-1422
Wilda,Giguere,Wilda.Giguere,Anchorage,Anchorage,99501,907-870-5536,907-914-9482
Elvera,Benimadho,Elvera.Benimadho,San Jose,Santa Clara,95110,408-703-8505,408-440-8447
Carma,Vanheusen,Carma.Vanheusen,San Leandro,Alameda,94577,510-503-7169,510-452-4835
Malinda,Hochard,Malinda.Hochard,Indianapolis,Marion,46202,317-722-5066,317-472-2412
Natalie,Fern,Natalie.Fern,Rock Springs,Sweetwater,82901,307-704-8713,307-279-3793
Lisha,Centini,Lisha.Centini,Mc Lean,Fairfax,22102,703-235-3937,703-475-7568
Arlene,Klusman,Arlene.Klusman,New Orleans,Orleans,70112,504-710-5840,504-946-1807
Alease,Buemi,Alease.Buemi,Boulder,Boulder,80303,303-301-4946,303-521-9860
Louisa,Cronauer,Louisa.Cronauer,San Leandro,Alameda,94577,510-828-7047,510-472-7758
Angella,Cetta,Angella.Cetta,Honolulu,Honolulu,96817,808-892-7943,808-475-2310
Cyndy,Goldammer,Cyndy.Goldammer,Burnsville,Dakota,55337,952-334-9408,952-938-9457
Rosio,Cork,Rosio.Cork,High Point,Guilford,27263,336-243-5659,336-497-4407
Celeste,Korando,Celeste.Korando,Lynbrook,Nassau,11563,516-509-2347,516-365-7266
Twana,Felger,Twana.Felger,Portland,Washington,97224,503-939-3153,503-909-7167
Estrella,Samu,Estrella.Samu,Beloit,Rock,53511,608-976-7199,608-942-8836
Donte,Kines,Donte.Kines,Worcester,Worcester,1602,508-429-8576,508-843-1426
Edna,Miceli,Edna.Miceli,Erie,Erie,16502,814-460-2655,814-299-2877
Sue,Kownacki,Sue.Kownacki,Mesquite,Dallas,75149,972-666-3413,972-742-4000
Jesusa,Shin,Jesusa.Shin,Tullahoma,Coffee,37388,931-273-8709,931-739-1551
Rolland,Francescon,Rolland.Francescon,Paterson,Passaic,7501,973-649-2922,973-284-4048
Pamella,Schmierer,Pamella.Schmierer,Homestead,Miami-Dade,33030,305-420-8970,305-575-8481
Glory,Kulzer,Glory.Kulzer,Owings Mills,Baltimore,21117,410-224-9462,410-916-8015
Shawna,Palaspas,Shawna.Palaspas,Thousand Oaks,Ventura,91362,805-275-3566,805-638-6617
Brandon,Callaro,Brandon.Callaro,Honolulu,Honolulu,96819,808-215-6832,808-240-5168
Scarlet,Cartan,Scarlet.Cartan,Albany,Dougherty,31701,229-735-3378,229-365-9658
Oretha,Menter,Oretha.Menter,Boston,Suffolk,2210,617-418-5043,617-697-6024
Ty,Smith,Ty.Smith,Hackensack,Bergen,7601,201-672-1553,201-995-3149
Xuan,Rochin,Xuan.Rochin,San Mateo,San Mateo,94403,650-933-5072,650-247-2625
Lindsey,Dilello,Lindsey.Dilello,Ontario,San Bernardino,91761,909-639-9887,909-589-1693
Devora,Perez,Devora.Perez,Oakland,Alameda,94606,510-955-3016,510-755-9274
Herman,Demesa,Herman.Demesa,Troy,Rensselaer,12180,518-497-2940,518-931-7852
Rory,Papasergi,Rory.Papasergi,Clarks Summit,Lackawanna,18411,570-867-7489,570-469-8401
Talia,Riopelle,Talia.Riopelle,Orange,Essex,7050,973-245-2133,973-818-9788
Van,Shire,Van.Shire,Pittstown,Hunterdon,8867,908-409-2890,908-448-1209
Lucina,Lary,Lucina.Lary,Cocoa,Brevard,32922,321-749-4981,321-632-4668
Bok,Isaacs,Bok.Isaacs,Bronx,Bronx,10468,718-809-3762,718-478-8568
Rolande,Spickerman,Rolande.Spickerman,Pearl City,Honolulu,96782,808-315-3077,808-526-5863
Howard,Paulas,Howard.Paulas,Denver,Denver,80231,303-623-4241,303-692-3118
Kimbery,Madarang,Kimbery.Madarang,Rockaway,Morris,7866,973-310-1634,973-225-6259
