first_name,last_name,city,county,zip,officePhone,mobilePhone
Thurman,Manno,Absecon,Atlantic,8201,609-524-3586,609-234-8376
Becky,Mirafuentes,Plainfield,Union,7062,908-877-8409,908-426-8272
Beatriz,Corrington,Middleboro,Plymouth,2346,508-584-4279,508-315-3867
Marti,Maybury,Chicago,Cook,60638,773-775-4522,773-539-1058
Nieves,Gotter,Portland,Multnomah,97202,503-527-5274,503-455-3094
Leatha,Hagele,Dallas,Dallas,75227,214-339-1809,214-225-5850
Valentin,Klimek,Chicago,Cook,60604,312-303-5453,312-512-2338
Melissa,Wiklund,Findlay,Hancock,45840,419-939-3613,419-254-4591
Sheridan,Zane,Riverside,Riverside,92501,951-645-3605,951-248-6822
Bulah,Padilla,Waco,McLennan,76707,254-463-4368,254-816-8417
Audra,Kohnert,Nashville,Davidson,37211,615-406-7854,615-448-9249
Daren,Weirather,Milwaukee,Milwaukee,53216,414-959-2540,414-838-3151
Fernanda,Jillson,Preston,Caroline,21655,410-387-5260,410-724-6472
Gearldine,Gellinger,Irving,Dallas,75061,972-934-6914,972-821-7118
Chau,Kitzman,Beverly Hills,Los Angeles,90212,310-560-8022,310-969-7230
Theola,Frey,Massapequa,Nassau,11758,516-948-5768,516-357-3362
Cheryl,Haroldson,Atlantic City,Atlantic,8401,609-518-7697,609-263-9243
Laticia,Merced,Cincinnati,Hamilton,45203,513-508-7371,513-418-1566
Carissa,Batman,Eugene,Lane,97401,541-326-4074,541-801-5717
Lezlie,Craghead,Smithfield,Johnston,27577,919-533-3762,919-885-2453
Ozell,Shealy,New York,New York,10002,212-332-8435,212-880-8865
Arminda,Parvis,Phoenix,Maricopa,85017,602-906-9419,602-277-3025
Reita,Leto,Indianapolis,Marion,46240,317-234-1135,317-787-5514
Yolando,Luczki,Syracuse,Onondaga,13214,315-304-4759,315-640-6357
Lizette,Stem,Cherry Hill,Camden,8002,856-487-5412,856-702-3676
Gregoria,Pawlowicz,Garden City,Nassau,11530,516-212-1915,516-376-4230
Carin,Deleo,Little Rock,Pulaski,72202,501-308-1040,501-409-6072
Chantell,Maynerich,Saint Paul,Ramsey,55101,651-591-2583,651-776-9688
Dierdre,Yum,Philadelphia,Philadelphia,19134,215-325-3042,215-346-4666
Larae,Gudroe,Houma,Terrebonne,70360,985-890-7262,985-261-5783
Latrice,Tolfree,Ronkonkoma,Suffolk,11779,631-957-7624,631-998-2102
Kerry,Theodorov,Sacramento,Sacramento,95827,916-591-3277,916-770-7448
Dorthy,Hidvegi,Boise,Ada,83704,208-649-2373,208-690-3315
Fannie,Lungren,Round Rock,Williamson,78664,512-587-5746,512-528-9933
Evangelina,Radde,Philadelphia,Philadelphia,19123,215-964-3284,215-417-5612
Novella,Degroot,Hilo,Hawaii,96720,808-477-4775,808-746-1865
Clay,Hoa,Reno,Washoe,89502,775-501-8109,775-848-9135
Jennifer,Fallick,Wheeling,Cook,60090,847-979-9545,847-800-3054
Irma,Wolfgramm,Randolph,Morris,7869,973-545-7355,973-868-8660
Eun,Coody,Spartanburg,Spartanburg,29301,864-256-3620,864-594-4578
Sylvia,Cousey,Hampstead,Carroll,21074,410-209-9545,410-863-8263
Nana,Wrinkles,Mount Vernon,Westchester,10553,914-855-2115,914-796-3775
Layla,Springe,New York,New York,10011,212-260-3151,212-253-7448
Joesph,Degonia,Berkeley,Alameda,94710,510-677-9785,510-942-5916
Annabelle,Boord,Concord,Middlesex,1742,978-697-6263,978-289-7717
Stephaine,Vinning,San Francisco,San Francisco,94104,415-767-6596,415-712-9530
Nelida,Sawchuk,Paramus,Bergen,7652,201-971-1638,201-247-8925
Marguerita,Hiatt,Oakley,Contra Costa,94561,925-634-7158,925-541-8521
Carmela,Cookey,Chicago,Cook,60623,773-494-4195,773-297-9391
Junita,Brideau,Cedar Grove,Essex,7009,973-943-3423,973-582-5469
Claribel,Varriano,Perrysburg,Wood,43551,419-544-4900,419-573-2033
Benton,Skursky,Gardena,Los Angeles,90248,310-579-2907,310-694-8466
Hillary,Skulski,Homosassa,Citrus,34448,352-242-2570,352-990-5946
Merilyn,Bayless,Santa Clara,Santa Clara,95054,408-758-5015,408-346-2180
Teri,Ennaco,Hazleton,Luzerne,18201,570-889-5187,570-355-1665
Merlyn,Lawler,Jersey City,Hudson,7304,201-588-7810,201-858-9960
Georgene,Montezuma,San Ramon,Contra Costa,94583,925-615-5185,925-943-3449
Jettie,Mconnell,Bridgewater,Somerset,8807,908-802-3564,908-602-5258
Lemuel,Latzke,Bohemia,Suffolk,11716,631-748-6479,631-291-4976
Melodie,Knipp,Thousand Oaks,Ventura,91362,805-690-1682,805-810-8964
Candida,Corbley,Somerville,Somerset,8876,908-275-8357,908-943-6103
Karan,Karpin,Beaverton,Washington,97005,503-940-8327,503-707-5812
Andra,Scheyer,Salem,Marion,97302,503-516-2189,503-950-3068
Felicidad,Poullion,Riverton,Burlington,8077,856-305-9731,856-828-6021
Belen,Strassner,Douglasville,Douglas,30135,770-507-8791,770-802-4003
Gracia,Melnyk,Jacksonville,Duval,32216,904-235-3633,904-627-4341
Jolanda,Hanafan,Bangor,Penobscot,4401,207-458-9196,207-233-6185
Barrett,Toyama,Kennedale,Tarrant,76060,817-765-5781,817-577-6151
Helga,Fredicks,Buffalo,Erie,14228,716-752-4114,716-854-9845
Ashlyn,Pinilla,Opa Locka,Miami-Dade,33054,305-670-9628,305-857-5489
Fausto,Agramonte,New York,New York,10038,212-313-1783,212-778-3063
Ronny,Caiafa,Philadelphia,Philadelphia,19103,215-605-7570,215-511-3531
Marge,Limmel,Crestview,Okaloosa,32536,850-430-1663,850-330-8079
Norah,Waymire,San Francisco,San Francisco,94107,415-306-7897,415-874-2984
Aliza,Baltimore,San Jose,Santa Clara,95132,408-504-3552,408-425-1994
Mozell,Pelkowski,South San Francisco,San Mateo,94080,650-947-1215,650-960-1069
Viola,Bitsuie,Northridge,Los Angeles,91325,818-864-4875,818-481-5787
Franklyn,Emard,Philadelphia,Philadelphia,19103,215-558-8189,215-483-3003
Willodean,Konopacki,Lafayette,Lafayette,70506,337-253-8384,337-774-7564
Beckie,Silvestrini,Dearborn,Wayne,48126,313-533-4884,313-390-7855
Rebecka,Gesick,Austin,Travis,78754,512-213-8574,512-693-8345
Frederica,Blunk,Dallas,Dallas,75207,214-428-2285,214-529-1949
Glen,Bartolet,Vashon,King,98070,206-697-5796,206-389-1482
Freeman,Gochal,Coatesville,Chester,19320,610-476-3501,610-752-2683
Vincent,Meinerding,Philadelphia,Philadelphia,19143,215-372-1718,215-829-4221
Rima,Bevelacqua,Gardena,Los Angeles,90248,310-858-5079,310-499-4200
Glendora,Sarbacher,Rohnert Park,Sonoma,94928,707-653-8214,707-881-3154
Avery,Steier,Orlando,Orange,32803,407-808-9439,407-945-8566
Cristy,Lother,Escondido,San Diego,92025,760-971-4322,760-465-4762
Nicolette,Brossart,Westborough,Worcester,1581,508-837-9230,508-504-6388
Tracey,Modzelewski,Conroe,Montgomery,77301,936-264-9294,936-988-8171
Virgina,Tegarden,Milwaukee,Milwaukee,53226,414-214-8697,414-411-5744
Tiera,Frankel,El Monte,Los Angeles,91731,626-636-4117,626-638-4241
Alaine,Bergesen,Yonkers,Westchester,10701,914-300-9193,914-654-1426
Earleen,Mai,Dallas,Dallas,75227,214-289-1973,214-785-6750
Leonida,Gobern,Biloxi,Harrison,39530,228-235-5615,228-432-4635
Ressie,Auffrey,Miami,Miami-Dade,33134,305-604-8981,305-287-4743
Justine,Mugnolo,New York,New York,10048,212-304-9225,212-311-6377
Eladia,Saulter,Ramsey,Bergen,7446,201-474-4924,201-365-8698
Chaya,Malvin,Ann Arbor,Washtenaw,48103,734-928-5182,734-408-8174
Gwenn,Suffield,Deer Park,Suffolk,11729,631-258-6558,631-295-9879
Salena,Karpel,Canton,Stark,44707,330-791-8557,330-618-2579
Yoko,Fishburne,New Haven,New Haven,6511,203-506-4706,203-840-8634
Taryn,Moyd,Fairfax,Fairfax City,22030,703-322-4041,703-938-7939
Katina,Polidori,Wilmington,Middlesex,1887,978-626-2978,978-679-7429
Rickie,Plumer,Toledo,Lucas,43613,419-693-1334,419-313-5571
Alex,Loader,Tacoma,Pierce,98409,253-660-7821,253-875-9222
Lashon,Vizarro,Roseville,Placer,95661,916-741-7884,916-289-4526
Lauran,Burnard,Riverton,Fremont,82501,307-342-7795,307-453-7589
Ceola,Setter,Warren,Knox,4864,207-627-7565,207-297-5029
My,Rantanen,Richboro,Bucks,18954,215-491-5633,215-647-2158
Lorrine,Worlds,Tampa,Hillsborough,33614,813-769-2939,813-863-6467
Peggie,Sturiale,El Cajon,San Diego,92020,619-608-1763,619-695-8086
Marvel,Raymo,College Station,Brazos,77840,979-718-8968,979-809-5770
Daron,Dinos,Highland Park,Lake,60035,847-233-3075,847-265-6609
An,Fritz,Atlantic City,Atlantic,8401,609-228-5265,609-854-7156
Portia,Stimmel,Bridgewater,Somerset,8807,908-722-7128,908-670-4712
Rhea,Aredondo,Brooklyn,Kings,11226,718-560-9537,718-280-4183
Benedict,Sama,Saint Louis,Saint Louis City,63104,314-787-1588,314-858-4832
Alyce,Arias,Stockton,San Joaquin,95207,209-317-1801,209-242-7022
Heike,Berganza,Little Falls,Passaic,7424,973-936-5095,973-822-8827
Carey,Dopico,Indianapolis,Marion,46220,317-578-2453,317-441-5848
Dottie,Hellickson,Seattle,King,98133,206-540-6076,206-295-5631
Deandrea,Hughey,Burlington,Alamance,27215,336-822-7652,336-467-3095
Kimberlie,Duenas,Hays,Ellis,67601,785-629-8542,785-616-1685
Martina,Staback,Orlando,Orange,32822,407-471-6908,407-429-2145
Skye,Fillingim,Minneapolis,Hennepin,55401,612-508-2655,612-664-6304
Jade,Farrar,Columbia,Richland,29201,803-352-5387,803-975-3405
Charlene,Hamilton,Santa Rosa,Sonoma,95407,707-300-1771,707-821-8037
Geoffrey,Acey,Palatine,Cook,60067,847-222-1734,847-556-2909
Stevie,Westerbeck,Costa Mesa,Orange,92626,949-867-4077,949-903-3898
Pamella,Fortino,Denver,Denver,80212,303-404-2210,303-794-1341
Harrison,Haufler,New Haven,New Haven,6515,203-801-6193,203-801-8497
Johnna,Engelberg,Bothell,Snohomish,98021,425-986-7573,425-700-3751
Buddy,Cloney,Strongsville,Cuyahoga,44136,440-989-5826,440-327-2093
Dalene,Riden,Plaistow,Rockingham,3865,603-315-6839,603-745-7497
Jerry,Zurcher,Satellite Beach,Brevard,32937,321-518-5938,321-597-2159
Haydee,Denooyer,New York,New York,10016,212-792-8658,212-782-3493
Joseph,Cryer,Huntington Beach,Orange,92647,714-584-2237,714-698-2170
Deonna,Kippley,Southfield,Oakland,48075,248-913-4677,248-793-4966
Raymon,Calvaresi,Indianapolis,Marion,46222,317-825-4724,317-342-1532
Alecia,Bubash,Wichita Falls,Wichita,76301,940-276-7922,940-302-3036
Ma,Layous,North Haven,New Haven,6473,203-721-3388,203-564-1543
Detra,Coyier,Aberdeen,Harford,21001,410-739-9277,410-259-2118
Terrilyn,Rodeigues,New Orleans,Orleans,70130,504-463-4384,504-635-8518
Salome,Lacovara,Richmond,Richmond City,23219,804-550-5097,804-858-1011
Garry,Keetch,Southampton,Bucks,18966,215-979-8776,215-846-9046
Matthew,Neither,Shakopee,Scott,55379,952-651-7597,952-906-4597
Theodora,Restrepo,Miami,Miami-Dade,33136,305-936-8226,305-573-1085
Noah,Kalafatis,Milwaukee,Milwaukee,53209,414-263-5287,414-660-9766
Carmen,Sweigard,Somerset,Somerset,8873,732-941-2621,732-445-6940
Lavonda,Hengel,Fargo,Cass,58102,701-898-2154,701-421-7080
Junita,Stoltzman,Carson City,Carson City,89701,775-638-9963,775-578-1214
Herminia,Nicolozakes,Scottsdale,Maricopa,85254,602-954-5141,602-304-6433
Casie,Good,Nashville,Davidson,37211,615-390-2251,615-825-4297
Reena,Maisto,Salisbury,Wicomico,21801,410-351-1863,410-951-2667
Mirta,Mallett,New York,New York,10004,212-870-1286,212-745-6948
Cathrine,Pontoriero,Amarillo,Randall,79109,806-703-1435,806-558-5848
Filiberto,Tawil,Los Angeles,Los Angeles,90016,323-765-2528,323-842-8226
Raul,Upthegrove,La Mesa,San Diego,91942,619-509-5282,619-666-4765
Sarah,Candlish,Atlanta,Fulton,30328,770-732-1194,770-531-2842
Lucy,Treston,Worcester,Worcester,1602,508-769-5250,508-502-5634
Judy,Aquas,Niles,Berrien,49120,269-756-7222,269-431-9464
Yvonne,Tjepkema,Fairfield,Essex,7004,973-714-1721,973-976-8627
Kayleigh,Lace,Lafayette,Lafayette,70508,337-740-9323,337-751-2326
Felix,Hirpara,Denver,Lancaster,17517,717-491-5643,717-583-1497
Tresa,Sweely,Valley Park,Saint Louis,63088,314-359-9566,314-231-3514
Kristeen,Turinetti,Arlington,Tarrant,76013,817-213-8851,817-947-9480
Jenelle,Regusters,Tampa,Hillsborough,33619,813-932-8715,813-357-7296
Renea,Monterrubio,Atlanta,Fulton,30328,770-679-4752,770-930-9967
Olive,Matuszak,Cathedral City,Riverside,92234,760-938-6069,760-745-2649
Ligia,Reiber,Lansing,Ingham,48933,517-906-1108,517-747-7664
Christiane,Eschberger,Phoenix,Maricopa,85034,602-390-4944,602-330-6894
Goldie,Schirpke,Bangor,Penobscot,4401,207-295-7569,207-748-3722
Loreta,Timenez,Clinton,Prince Georges,20735,301-696-6420,301-392-6698
Fabiola,Hauenstein,York,York,17404,717-809-3119,717-344-2804
Amie,Perigo,Mesquite,Dallas,75150,972-419-7946,972-898-1033
Raina,Brachle,Butte,Silver Bow,59701,406-318-1515,406-374-7752
Erinn,Canlas,Livingston,Essex,7039,973-767-3008,973-563-9502
Cherry,Lietz,Waterford,Oakland,48329,248-980-6904,248-697-7722
Kattie,Vonasek,Cleveland,Cuyahoga,44103,216-923-3715,216-270-9653
Lilli,Scriven,Abilene,Taylor,79601,325-631-1560,325-667-7868
Whitley,Tomasulo,Fort Worth,Tarrant,76107,817-526-4408,817-819-7799
Barbra,Adkin,Brooklyn,Kings,11230,718-201-3751,718-732-9475
Hermila,Thyberg,Providence,Providence,2903,401-893-4882,401-885-7681
Jesusita,Flister,Lancaster,Lancaster,17601,717-885-9118,717-686-7564
Caitlin,Julia,Johnston,Providence,2919,401-948-4982,401-552-9059
Roosevelt,Hoffis,Hialeah,Miami-Dade,33014,305-622-4739,305-302-1135
Helaine,Halter,Jersey City,Hudson,7304,201-832-4168,201-412-3040
Lorean,Martabano,San Antonio,Bexar,78204,210-856-4979,210-634-2447
France,Buzick,Brooklyn,Kings,11219,718-478-8504,718-853-3740
Justine,Ferrario,Pomona,Los Angeles,91768,909-993-3242,909-631-5703
Adelina,Nabours,Cleveland,Cuyahoga,44103,216-230-4892,216-937-5320
Derick,Dhamer,New York,New York,10013,212-304-4515,212-225-9676
Jerry,Dallen,Richmond,Richmond City,23219,804-762-9576,804-808-9574
Leota,Ragel,Trion,Chattooga,30753,706-221-4243,706-616-5131
Jutta,Amyot,Broussard,Lafayette,70518,337-515-1438,337-991-8070
Aja,Gehrett,Nutley,Essex,7110,973-544-2677,973-986-4456
Kirk,Herritt,Vestal,Broome,13850,607-407-3716,607-350-7690
Leonora,Mauson,Passaic,Passaic,7055,973-412-2995,973-355-2120
Winfred,Brucato,Moscow,Latah,83843,208-252-4552,208-793-4108
Tarra,Nachor,San Francisco,San Francisco,94104,415-411-1775,415-284-2730
Corinne,Loder,North Attleboro,Bristol,2760,508-942-4186,508-618-7826
Dulce,Labreche,Rochester,Oakland,48307,248-357-8718,248-811-5696
Kate,Keneipp,Green Bay,Brown,54301,920-353-6377,920-355-1610
Kaitlyn,Ogg,Baltimore,Baltimore City,21230,410-665-4903,410-773-3862
Sherita,Saras,Colorado Springs,El Paso,80937,719-669-1664,719-547-9543
Lashawnda,Stuer,Toledo,Lucas,43607,419-588-8719,419-399-1744
Ernest,Syrop,Hyattsville,Prince Georges,20785,301-998-9644,301-257-4883
Nobuko,Halsey,New Bedford,Bristol,2745,508-855-9887,508-897-7916
Lavonna,Wolny,Mc Lean,Fairfax,22102,703-483-1970,703-892-2914
Lashaunda,Lizama,Hanover,Anne Arundel,21076,410-678-2473,410-912-6032
Mariann,Bilden,Austin,Travis,78753,512-223-4791,512-742-1149
Helene,Rodenberger,Peoria,Maricopa,85381,623-461-8551,623-426-4907
Roselle,Estell,Bucyrus,Crawford,44820,419-571-5920,419-488-6648
Samira,Heintzman,Kent,King,98032,206-311-4137,206-923-6042
Margart,Meisel,Cincinnati,Hamilton,45251,513-617-2362,513-747-9603
Kristofer,Bennick,Bloomington,Monroe,47404,812-368-1511,812-442-8544
Weldon,Acuff,Arlington Heights,Cook,60004,847-353-2156,847-613-5866
Shalon,Shadrick,Brooklyn,Kings,11223,718-232-2337,718-394-4974
Denise,Patak,Orlando,Orange,32801,407-446-4358,407-808-3254
Louvenia,Beech,Beverly Hills,Los Angeles,90210,310-820-2117,310-652-2379
Audry,Yaw,Brandon,Hillsborough,33511,813-797-4816,813-744-7100
Kristel,Ehmann,El Paso,El Paso,79925,915-452-1290,915-300-6100
Vincenza,Zepp,El Cajon,San Diego,92020,619-603-5125,619-935-6661
Elouise,Gwalthney,Bladensburg,Prince Georges,20710,301-841-5012,301-591-3034
Venita,Maillard,Anaheim,Orange,92801,714-523-6653,714-663-9740
Kasandra,Semidey,Saint Louis,Saint Louis City,63102,314-732-9131,314-697-3652
Xochitl,Discipio,Round Rock,Williamson,78664,512-233-1831,512-942-3411
Maile,Linahan,Greensboro,Guilford,27409,336-670-2640,336-364-6037
Krissy,Rauser,Coram,Suffolk,11727,631-443-4710,631-288-2866
Pete,Dubaldi,Lyndhurst,Bergen,7071,201-825-2514,201-749-8866
Linn,Paa,Memphis,Shelby,38112,901-412-4381,901-573-9024
Paris,Wide,Atlanta,Fulton,30342,404-505-4445,404-607-8435
Wynell,Dorshorst,Pacifica,San Mateo,94044,650-473-1262,650-749-9879
Quentin,Birkner,Burnsville,Dakota,55337,952-702-7993,952-314-5871
Regenia,Kannady,Scottsdale,Maricopa,85260,480-726-1280,480-205-5121
Sheron,Louissant,Long Island City,Queens,11101,718-976-8610,718-613-9994
Izetta,Funnell,Atlanta,Dekalb,30340,770-844-3447,770-584-4119
Rodolfo,Butzen,Northfield,Rice,55057,507-210-3510,507-590-5237
Zona,Colla,Norwalk,Fairfield,6854,203-461-1949,203-938-2557
Serina,Zagen,Fort Wayne,Allen,46802,260-273-3725,260-382-4869
Paz,Sahagun,Meridian,Lauderdale,39307,601-927-8287,601-249-4511
Markus,Lukasik,Sterling Heights,Macomb,48310,586-970-7380,586-247-1614
Jaclyn,Bachman,Colorado Springs,El Paso,80919,719-853-3600,719-223-2074
Cyril,Daufeldt,New York,New York,10013,212-745-8484,212-422-5427
Gayla,Schnitzler,Hayward,Alameda,94545,510-686-3407,510-441-4055
Erick,Nievas,Chicago,Cook,60624,773-704-9903,773-359-6109
Jennie,Drymon,Scranton,Lackawanna,18509,570-218-4831,570-868-8688
Mitsue,Scipione,Oroville,Butte,95965,530-986-9272,530-399-3254
Ciara,Ventura,Port Jervis,Orange,12771,845-823-8877,845-694-7919
Galen,Cantres,Brook Park,Cuyahoga,44142,216-600-6111,216-871-6876
Truman,Feichtner,Bloomfield,Essex,7003,973-852-2736,973-473-5108
Gail,Kitty,Anchorage,Anchorage,99501,907-435-9166,907-770-3542
Dalene,Schoeneck,Philadelphia,Philadelphia,19102,215-268-1275,215-380-8820
Gertude,Witten,Cincinnati,Hamilton,45217,513-977-7043,513-863-9471
Lizbeth,Kohl,Gardena,Los Angeles,90248,310-699-1222,310-955-5788
Glenn,Berray,Des Moines,Polk,50315,515-370-7348,515-372-1738
Lashandra,Klang,King of Prussia,Montgomery,19406,610-809-1818,610-378-7332
Lenna,Newville,Raleigh,Wake,27601,919-623-2524,919-254-5987
Laurel,Pagliuca,Richland,Benton,99352,509-695-5199,509-595-6485
Mireya,Frerking,Pelham,Westchester,10803,914-868-5965,914-883-3061
Annelle,Tagala,Parkville,Baltimore,21234,410-757-1035,410-234-2267
Dean,Ketelsen,Hicksville,Nassau,11801,516-847-4418,516-732-6649
Levi,Munis,Worcester,Worcester,1603,508-456-4907,508-658-7802
Sylvie,Ryser,Tulsa,Tulsa,74105,918-644-9555,918-565-1706
Sharee,Maile,Muskegon,Muskegon,49442,231-467-9978,231-265-6940
Cordelia,Storment,Lafayette,Lafayette,70506,337-566-6001,337-255-3427
Mollie,Mcdoniel,Bowling Green,Wood,43402,419-975-3182,419-417-4674
Brett,Mccullan,La Mesa,San Diego,91942,619-461-9984,619-727-3892
Teddy,Pedrozo,Bridgeport,Fairfield,6610,203-892-3863,203-918-3939
Tasia,Andreason,Kearny,Hudson,7032,201-920-9002,201-969-7063
Hubert,Walthall,Barberton,Summit,44203,330-903-1345,330-566-8898
Arthur,Farrow,Englewood,Bergen,7631,201-238-5688,201-772-4377
Vilma,Berlanga,Grand Rapids,Kent,49546,616-737-3085,616-568-4113
Billye,Miro,Pearl,Rankin,39208,601-567-5386,601-637-5479
Glenna,Slayton,Memphis,Shelby,38118,901-640-9178,901-869-4314
Mitzie,Hudnall,Englewood,Arapahoe,80110,303-402-1940,303-997-7760
Bernardine,Rodefer,Memphis,Shelby,38112,901-901-4726,901-739-5892
Staci,Schmaltz,Pasadena,Los Angeles,91106,626-866-2339,626-293-7678
Nichelle,Meteer,Chicago,Cook,60657,773-225-9985,773-857-2231
Janine,Rhoden,Astoria,Queens,11103,718-228-5894,718-728-5051
Ettie,Hoopengardner,Richland,Benton,99352,509-755-5393,509-847-3352
Eden,Jayson,Baltimore,Baltimore City,21202,410-890-7866,410-429-4888
Lynelle,Auber,Newark,Essex,7104,973-860-8610,973-605-6492
Merissa,Tomblin,Bellflower,Los Angeles,90706,562-579-6900,562-719-7922
Golda,Kaniecki,Toms River,Ocean,8755,732-628-9909,732-617-5310
Catarina,Gleich,Denville,Morris,7834,973-210-3994,973-491-8723
Virgie,Kiel,Denver,Denver,80216,303-776-7548,303-845-5408
Jolene,Ostolaza,Newport News,Newport News City,23608,757-682-7116,757-940-1741
Keneth,Borgman,Phoenix,Maricopa,85012,602-919-4211,602-442-3092
Rikki,Nayar,Miami,Miami-Dade,33155,305-968-9487,305-978-2069
Elke,Sengbusch,Phoenix,Maricopa,85013,602-896-2993,602-575-3457
Hoa,Sarao,Oak Hill,Volusia,32759,386-526-7800,386-599-7296
Trinidad,Mcrae,San Francisco,San Francisco,94105,415-331-9634,415-419-1597
Mari,Lueckenbach,San Diego,San Diego,92110,858-793-9684,858-228-5683
Selma,Husser,Jersey City,Hudson,7306,201-991-8369,201-772-7699
Antione,Onofrio,San Bernardino,San Bernardino,92410,909-430-7765,909-665-3223
Luisa,Jurney,Cambridge,Middlesex,2138,617-365-2134,617-544-2541
Clorinda,Heimann,Escondido,San Diego,92025,760-291-5497,760-261-4786
Dick,Wenzinger,Gardena,Los Angeles,90248,310-510-9713,310-936-2258
Ahmed,Angalich,Harrisburg,Dauphin,17110,717-528-8996,717-632-5831
Iluminada,Ohms,Mesa,Maricopa,85204,480-293-2882,480-866-6544
Joanna,Leinenbach,Lake Worth,Palm Beach,33461,561-470-4574,561-951-9734
Caprice,Suell,Nashville,Davidson,37211,615-246-1824,615-726-4537
Stephane,Myricks,Burlington,Boone,41005,859-717-7638,859-308-4286
Quentin,Swayze,Milan,Monroe,48160,734-561-6170,734-851-8571
Annmarie,Castros,Conroe,Montgomery,77301,936-751-7961,936-937-2334
Shonda,Greenbush,Clifton,Passaic,7011,973-482-2430,973-644-2974
Cecil,Lapage,Union City,Hudson,7087,201-693-3967,201-856-2720
Jeanice,Claucherty,Miami,Miami-Dade,33142,305-988-4162,305-306-7834
Josphine,Villanueva,Moss,Clay,38575,931-553-9774,931-486-6946
Daniel,Perruzza,Santa Ana,Orange,92705,714-771-3880,714-531-1391
Cassi,Wildfong,Rolling Meadows,Cook,60008,847-633-3216,847-755-9041
Britt,Galam,Hatfield,Montgomery,19440,215-888-3304,215-351-8523
Adell,Lipkin,Whippany,Morris,7981,973-654-1561,973-662-8988
Jacqueline,Rowling,Erie,Erie,16501,814-865-8113,814-481-1700
Lonny,Weglarz,Salt Lake City,Salt Lake,84115,801-293-9853,801-892-8781
Lonna,Diestel,Fayetteville,Cumberland,28301,910-922-3672,910-200-7912
Cristal,Samara,Los Angeles,Los Angeles,90021,213-975-8026,213-696-8004
Kenneth,Grenet,East Lansing,Ingham,48823,517-499-2322,517-867-8077
Elli,Mclaird,Utica,Oneida,13501,315-818-2638,315-474-5570
Alline,Jeanty,South Bend,St Joseph,46601,574-656-2800,574-405-1983
Sharika,Eanes,Orlando,Orange,32806,407-312-1691,407-472-1332
Nu,Mcnease,Harrison,Hudson,7029,973-751-9003,973-903-4175
Daniela,Comnick,Trenton,Mercer,8611,609-200-8577,609-398-2805
Cecilia,Colaizzo,Madison,Dane,53717,608-382-4541,608-302-3387
Leslie,Threets,Katonah,Westchester,10536,914-861-9748,914-396-2615
Nan,Koppinger,Greensboro,Guilford,27401,336-370-5333,336-564-1492
Izetta,Dewar,Baltimore,Baltimore City,21217,410-473-1708,410-522-7621
Tegan,Arceo,Monroe Township,Middlesex,8831,732-730-2692,732-705-6719
Ruthann,Keener,Kerrville,Kerr,78028,830-258-2769,830-919-5991
Joni,Breland,Elk Grove Village,Cook,60007,847-519-5906,847-740-5304
Vi,Rentfro,Freehold,Monmouth,7728,732-605-4781,732-724-7251
Colette,Kardas,Omaha,Douglas,68124,402-896-5943,402-707-1602
Malcolm,Tromblay,Annandale,Fairfax,22003,703-221-5602,703-874-4248
Ryan,Harnos,Plano,Collin,75075,972-558-1665,972-961-4968
Jess,Chaffins,New York,New York,10016,212-510-4633,212-428-9538
Sharen,Bourbon,Syosset,Nassau,11791,516-816-1541,516-749-3188
Nickolas,Juvera,Crystal River,Citrus,34429,352-598-8301,352-947-6152
Gary,Nunlee,Fortville,Hancock,46040,317-542-6023,317-887-8486
Diane,Devreese,Saint Joseph,Buchanan,64504,816-557-9673,816-329-5565
Roslyn,Chavous,Jackson,Hinds,39211,601-234-9632,601-973-5754
Glory,Schieler,Abilene,Taylor,79602,325-869-2649,325-740-3778
Rasheeda,Sayaphon,Saratoga,Santa Clara,95070,408-805-4309,408-997-7490
Alpha,Palaia,Cherry Hill,Camden,8003,856-312-2629,856-513-7024
Refugia,Jacobos,Hayward,Alameda,94545,510-974-8671,510-509-3496
Shawnda,Yori,Longwood,Seminole,32750,407-538-5106,407-564-8113
Mona,Delasancha,Cheyenne,Laramie,82001,307-403-1488,307-816-7115
Gilma,Liukko,Garden City,Nassau,11530,516-393-9967,516-407-9573
Janey,Gabisi,Madison,Dane,53715,608-967-7194,608-586-6912
Lili,Paskin,Kearny,Hudson,7032,201-431-2989,201-478-8540
Loren,Asar,Old Forge,Lackawanna,18518,570-648-3035,570-569-2356
Dorothy,Chesterfield,San Diego,San Diego,92126,858-617-7834,858-732-1884
Gail,Similton,Thousand Palms,Riverside,92276,760-616-5388,760-493-9208
Catalina,Tillotson,Margate City,Atlantic,8402,609-373-3332,609-826-4990
Lawrence,Lorens,Providence,Providence,2906,401-465-6432,401-893-1820
Carlee,Boulter,Abilene,Dickinson,67410,785-347-1805,785-253-7049
Thaddeus,Ankeny,Roseville,Placer,95678,916-920-3571,916-459-2433
Jovita,Oles,Daytona Beach,Volusia,32114,386-248-4118,386-208-6976
Alesia,Hixenbaugh,Washington,District of Columbia,20001,202-646-7516,202-276-6826
Lai,Harabedian,Novato,Marin,94945,415-423-3294,415-926-6089
Brittni,Gillaspie,Boise,Ada,83709,208-709-1235,208-206-9848
Raylene,Kampa,Elkhart,Elkhart,46514,574-499-1454,574-330-1884
Flo,Bookamer,Alliance,Box Butte,69301,308-726-2182,308-250-6987
Jani,Biddy,Seattle,King,98104,206-711-6498,206-395-6284
Chauncey,Motley,Orlando,Orange,32804,407-413-4842,407-557-8857
